collectid,plotid,stageid,datasheettype
1,1,1,fuel
2,2,1,fuel
3,3,1,fuel
4,4,1,fuel
5,5,1,fuel
6,6,1,fuel
7,7,1,fuel
8,8,1,fuel
9,9,1,fuel
10,10,1,fuel
11,11,1,fuel
12,12,1,fuel
13,13,1,fuel
14,14,1,fuel
15,15,1,fuel
16,16,1,fuel
17,17,1,fuel
18,18,1,fuel
19,19,1,fuel
20,20,1,fuel
21,21,1,fuel
22,22,1,fuel
23,23,1,fuel
24,24,1,fuel
25,25,1,fuel
26,26,1,fuel
27,27,1,fuel
28,28,1,fuel
29,29,1,fuel
30,30,1,fuel
31,31,1,fuel
32,32,1,fuel
33,33,1,fuel
34,34,1,fuel
35,35,1,fuel
36,36,1,fuel
37,37,1,fuel
38,38,1,fuel
39,39,1,fuel
40,40,1,fuel
41,41,1,fuel
42,42,1,fuel
43,43,1,fuel
44,44,1,fuel
45,45,1,fuel
46,46,1,fuel
47,47,1,fuel
48,48,1,fuel
49,49,1,fuel
50,50,1,fuel
51,51,1,fuel
52,52,1,fuel
53,53,1,fuel
54,54,1,fuel
55,55,1,fuel
56,56,1,fuel
57,57,1,fuel
58,58,1,fuel
59,59,1,fuel
60,60,1,fuel
61,61,1,fuel
62,62,1,fuel
63,63,1,fuel
64,64,1,fuel
65,65,1,fuel
66,66,1,fuel
67,67,1,fuel
68,68,1,fuel
69,69,1,fuel
70,70,1,fuel
71,71,1,fuel
72,72,1,fuel
73,73,1,fuel
74,74,1,fuel
75,75,1,fuel
76,76,1,fuel
77,77,1,fuel
78,78,1,fuel
79,79,1,fuel
80,80,1,fuel
81,81,1,fuel
82,82,1,fuel
83,83,1,fuel
84,84,1,fuel
85,85,1,fuel
86,86,1,fuel
87,87,1,fuel
88,88,1,fuel
89,89,1,fuel
90,90,1,fuel
91,91,1,fuel
92,92,1,fuel
93,93,1,fuel
94,94,1,fuel
95,95,1,fuel
96,96,1,fuel
97,97,1,fuel
98,98,1,fuel
99,99,1,fuel
100,100,1,fuel
101,101,1,fuel
102,102,1,fuel
103,103,1,fuel
104,104,1,fuel
105,105,1,fuel
106,106,1,fuel
107,107,1,fuel
108,1,1,regen
109,5,1,regen
110,4,1,regen
111,2,1,regen
112,3,1,regen
113,7,1,regen
114,10,1,regen
115,8,1,regen
116,6,1,regen
117,9,1,regen
118,14,1,regen
119,12,1,regen
120,15,1,regen
121,13,1,regen
122,11,1,regen
123,17,1,regen
124,16,1,regen
125,19,1,regen
126,18,1,regen
127,20,1,regen
128,22,1,regen
129,26,1,regen
130,25,1,regen
131,23,1,regen
132,24,1,regen
133,27,1,regen
134,32,1,regen
135,28,1,regen
136,29,1,regen
137,30,1,regen
138,31,1,regen
139,34,1,regen
140,35,1,regen
141,36,1,regen
142,37,1,regen
143,33,1,regen
144,41,1,regen
145,42,1,regen
146,38,1,regen
147,39,1,regen
148,40,1,regen
149,43,1,regen
150,46,1,regen
151,45,1,regen
152,47,1,regen
153,44,1,regen
154,51,1,regen
155,52,1,regen
156,49,1,regen
157,48,1,regen
158,50,1,regen
159,53,1,regen
160,54,1,regen
161,55,1,regen
162,56,1,regen
163,58,1,regen
164,60,1,regen
165,57,1,regen
166,59,1,regen
167,63,1,regen
168,65,1,regen
169,64,1,regen
170,62,1,regen
171,61,1,regen
172,66,1,regen
173,70,1,regen
174,68,1,regen
175,67,1,regen
176,69,1,regen
177,75,1,regen
178,74,1,regen
179,73,1,regen
180,72,1,regen
181,71,1,regen
182,78,1,regen
183,79,1,regen
184,82,1,regen
185,80,1,regen
186,81,1,regen
187,84,1,regen
188,85,1,regen
189,86,1,regen
190,87,1,regen
191,83,1,regen
192,92,1,regen
193,91,1,regen
194,90,1,regen
195,89,1,regen
196,88,1,regen
197,94,1,regen
198,97,1,regen
199,96,1,regen
200,95,1,regen
201,93,1,regen
202,98,1,regen
203,100,1,regen
204,101,1,regen
205,102,1,regen
206,99,1,regen
207,104,1,regen
208,107,1,regen
209,106,1,regen
210,105,1,regen
211,103,1,regen
212,1,1,tree
213,2,1,tree
214,3,1,tree
215,4,1,tree
216,5,1,tree
217,6,1,tree
218,7,1,tree
219,8,1,tree
220,9,1,tree
221,10,1,tree
222,11,1,tree
223,12,1,tree
224,13,1,tree
225,14,1,tree
226,15,1,tree
227,16,1,tree
228,17,1,tree
229,18,1,tree
230,19,1,tree
231,20,1,tree
232,21,1,tree
233,22,1,tree
234,23,1,tree
235,24,1,tree
236,25,1,tree
237,26,1,tree
238,27,1,tree
239,28,1,tree
240,29,1,tree
241,30,1,tree
242,31,1,tree
243,32,1,tree
244,33,1,tree
245,34,1,tree
246,35,1,tree
247,36,1,tree
248,37,1,tree
249,38,1,tree
250,39,1,tree
251,40,1,tree
252,41,1,tree
253,42,1,tree
254,43,1,tree
255,44,1,tree
256,45,1,tree
257,46,1,tree
258,47,1,tree
259,48,1,tree
260,49,1,tree
261,50,1,tree
262,51,1,tree
263,108,1,tree
264,52,1,tree
265,53,1,tree
266,54,1,tree
267,55,1,tree
268,56,1,tree
269,57,1,tree
270,58,1,tree
271,59,1,tree
272,60,1,tree
273,61,1,tree
274,62,1,tree
275,63,1,tree
276,64,1,tree
277,65,1,tree
278,66,1,tree
279,67,1,tree
280,68,1,tree
281,69,1,tree
282,70,1,tree
283,71,1,tree
284,72,1,tree
285,73,1,tree
286,74,1,tree
287,75,1,tree
288,76,1,tree
289,78,1,tree
290,79,1,tree
291,80,1,tree
292,81,1,tree
293,82,1,tree
294,83,1,tree
295,84,1,tree
296,85,1,tree
297,86,1,tree
298,87,1,tree
299,88,1,tree
300,89,1,tree
301,90,1,tree
302,91,1,tree
303,92,1,tree
304,93,1,tree
305,94,1,tree
306,95,1,tree
307,96,1,tree
308,97,1,tree
309,98,1,tree
310,99,1,tree
311,100,1,tree
312,101,1,tree
313,102,1,tree
314,103,1,tree
315,104,1,tree
316,105,1,tree
317,106,1,tree
318,107,1,tree
